Date,Open,High,Low,Close,Volume,Dividends,Stock Splits,sent,scaled_close
2024-08-21,224.64083485973637,226.08871448701353,223.1830285060583,224.52182006835938,34765500,0.0,0.0,0.4568,0.22452182006835938
2024-08-22,225.90029338876204,226.4457337259973,222.04256465043304,222.66734313964844,43695300,0.0,0.0,0.25601666666666667,0.22266734313964845
2024-08-23,223.78797197411373,226.32673228874265,222.46900358067504,224.9581756591797,38677300,0.0,0.0,0.33416666666666667,0.2249581756591797
2024-08-26,224.87883517993083,225.39452559231563,222.0326490158817,225.29534912109375,30602200,0.0,0.0,0.20743333333333333,0.22529534912109375
2024-08-27,224.12514736512034,226.95151036486342,223.02435510684418,226.1383056640625,35934600,0.0,0.0,0.47680000000000006,0.2261383056640625
2024-08-28,226.02921369079436,227.95312221094204,223.80779089178384,224.611083984375,38052200,0.0,0.0,0.3403428571428572,0.224611083984375
2024-08-29,228.1911537968638,230.98775191089825,226.9812734022471,227.8837127685547,51906300,0.0,0.0,0.25251666666666667,0.22788371276855468
2024-08-30,228.28039594132485,228.4886453526855,225.59287085733376,227.1002655029297,52990800,0.0,0.0,0.3609333333333334,0.2271002655029297
2024-09-03,226.65401607692846,227.1002799762046,219.33523365285652,220.92196655273438,50190600,0.0,0.0,0.22222499999999998,0.22092196655273438
2024-09-04,219.82116129878526,219.94016096302124,215.67582978550038,219.01788330078125,43840200,0.0,0.0,0.034412499999999985,0.21901788330078126
2024-09-05,219.79142381839864,223.60947620664672,219.68233574260833,220.5352020263672,36615400,0.0,0.0,0.5426,0.2205352020263672
2024-09-06,222.09215251756703,223.37145940933704,217.94683622588397,218.98812866210938,48423000,0.0,0.0,0.2810083333333333,0.21898812866210937
2024-09-09,218.98814282610013,219.4344067184307,214.91223769602945,219.077392578125,67180000,0.0,0.0,0.18016666666666667,0.219077392578125
2024-09-10,217.10388142289187,219.6426417511051,214.9320468059923,218.2840118408203,51591000,0.0,0.0,0.3970857142857143,0.2182840118408203
2024-09-11,219.6228241682371,221.2392917639212,216.08243282408242,220.8128662109375,44587100,0.0,0.0,-0.046466666666666656,0.2208128662109375
2024-09-12,220.65420216028613,221.6954946800681,217.99644195502805,220.92196655273438,37455600,0.0,0.0,0.44275000000000003,0.22092196655273438
2024-09-13,221.72523244234597,222.18140791181287,220.06908820245332,220.65419006347656,36766600,0.0,0.0,0.32326428571428567,0.22065419006347656
2024-09-16,214.74362792854853,215.4179946756504,212.14536768072225,214.5254669189453,59357400,0.0,0.0,-0.24875000000000003,0.2145254669189453
2024-09-17,213.96018092212807,215.1006346980314,212.72055067344832,214.99154663085938,45519300,0.0,0.0,0.2620125,0.21499154663085937
2024-09-18,215.74527154351298,220.86246931704028,215.73534481599032,218.85922241210938,59894900,0.0,0.0,0.19141999999999998,0.21885922241210937
2024-09-19,223.12354184254357,227.91347512552952,222.76652771175563,226.97134399414062,66781300,0.0,0.0,0.346125,0.22697134399414062
2024-09-20,228.06222073119503,231.15633305592988,225.7317097608303,226.30690002441406,318679900,0.0,0.0,0.31966249999999996,0.22630690002441406
2024-09-23,225.4540253555904,227.54652178723228,223.9367191660146,224.59124755859375,54146000,0.0,0.0,0.35126999999999997,0.22459124755859375
2024-09-24,226.75316007712865,227.44736512534206,223.85738561877668,225.48377990722656,43556100,0.0,0.0,0.3963285714285715,0.22548377990722657
2024-09-25,223.06400902085235,225.40443143928672,222.16156973744518,224.4920654296875,42308700,0.0,0.0,0.303425,0.2244920654296875
2024-09-26,225.41436171300208,226.60440369502516,223.54004142995942,225.63253784179688,36636700,0.0,0.0,0.17403333333333335,0.22563253784179688
2024-09-27,226.5647236129495,227.6159275297645,225.4143432340109,225.9002685546875,34026000,0.0,0.0,0.339425,0.2259002685546875
2024-09-30,228.1316114938428,231.0670623779297,227.7448474882838,231.0670623779297,54541900,0.0,0.0,0.25985,0.23106706237792968
2024-10-01,227.6159583693189,227.74486962890148,221.88390914906273,224.3334197998047,63285000,0.0,0.0,0.07270999999999998,0.2243334197998047
2024-10-02,224.01608068964856,225.4837987967651,221.16989422947793,224.89869689941406,32880600,0.0,0.0,-0.012249999999999983,0.22489869689941405
2024-10-03,223.27228007150777,224.928424248049,221.46738631978812,223.79788208007812,34044200,0.0,0.0,0.27599166666666664,0.22379788208007811
2024-10-04,226.00938361911108,226.10856009308668,222.27066963907552,224.91851806640625,37245100,0.0,0.0,0.08594999999999997,0.22491851806640625
2024-10-07,222.63759275105315,223.81772316941647,219.49389225502094,219.8509063720703,39505400,0.0,0.0,0.21861250000000004,0.2198509063720703
2024-10-08,222.43925780658088,224.10531361949606,221.3979653574062,223.89706420898438,31855700,0.0,0.0,0.42178125000000005,0.22389706420898436
2024-10-09,223.36153007501719,227.84403724277382,222.96485445261254,227.63577270507812,33591100,0.0,0.0,0.39875,0.22763577270507812
2024-10-10,225.89039642732237,227.59612897487835,225.28545621996582,227.1399383544922,28183500,0.0,0.0,0.44035,0.2271399383544922
2024-10-11,227.39780557308669,227.50689365452033,225.45405843087093,225.66232299804688,31759200,0.0,0.0,0.41059999999999997,0.22566232299804687
2024-10-14,226.80274288926017,229.8076053434174,226.70358155060512,229.3811798095703,39882100,0.0,0.0,0.1376375,0.22938117980957032
2024-10-15,231.672004479983,235.51982138099225,230.44228590022638,231.91001892089844,64751400,0.0,0.0,0.6846249999999999,0.23191001892089844
2024-10-16,229.67870875165642,230.19438406287304,227.9332995992129,229.85720825195312,34082200,0.0,0.0,0.38255,0.22985720825195313
2024-10-17,231.49350124327563,231.91003031839952,228.60765355789445,230.22412109375,32993800,0.0,0.0,0.14299,0.23022412109375
2024-10-18,234.22066437649204,234.22066437649204,232.0686683201459,233.0504608154297,46431500,0.0,0.0,0.4042928571428572,0.23305046081542968
2024-10-21,232.5050454306036,234.88514457730523,232.5050454306036,234.51820373535156,36254500,0.0,0.0,0.362825,0.23451820373535157
2024-10-22,231.94969236544068,234.26036494372266,230.67040061866737,233.90335083007812,38846600,0.0,0.0,0.4022666666666667,0.23390335083007813
2024-10-23,232.1381071008503,233.18931106897517,225.87052966736016,228.84564208984375,52287000,0.0,0.0,0.09564166666666667,0.22884564208984376
2024-10-24,228.07212485007065,228.90516786821388,226.51515714412935,228.65724182128906,31109500,0.0,0.0,0.47965,0.22865724182128908
2024-10-25,227.83412074973037,231.28524701350278,227.665532857223,229.49026489257812,38802300,0.0,0.0,0.51806,0.22949026489257812
2024-10-28,231.38443735420992,232.78272881287972,230.62082086290692,231.46376037597656,36087100,0.0,0.0,0.50528,0.23146376037597657
2024-10-29,231.1662428522856,232.38603471678388,230.39271482775456,231.73150634765625,35417200,0.0,0.0,0.4614,0.23173150634765624
2024-10-30,230.68031899274527,231.53318522639518,227.64570650368097,228.19114685058594,47070900,0.0,0.0,0.1307,0.22819114685058595
2024-10-31,227.43742665071557,227.92336713292326,223.5003599556127,224.035888671875,64370100,0.0,0.0,0.0007500000000000099,0.224035888671875
2024-11-01,219.1368672842602,223.4805363045207,218.44267740554844,221.06077575683594,65276700,0.0,0.0,0.343875,0.22106077575683594
2024-11-04,219.15671602208408,220.94177147156717,217.88733586004025,220.16824340820312,44944500,0.0,0.0,0.16325833333333337,0.22016824340820312
2024-11-05,219.9599772111233,222.0921350198155,219.30544885909725,221.59628295898438,28111300,0.0,0.0,0.2370857142857143,0.22159628295898437
2024-11-06,220.76327216240406,224.19457534628128,219.35505401685137,220.8723602294922,54561100,0.0,0.0,0.387085,0.2208723602294922
2024-11-07,222.76654726221693,225.98958631695007,222.70704742389805,225.5928955078125,42137700,0.0,0.0,0.5554400000000002,0.2255928955078125
2024-11-08,225.53330763226646,227.01257809039103,224.77878865400953,225.3248291015625,38328800,0.25,0.0,0.46383,0.2253248291015625
2024-11-11,223.37892800863307,224.07388164377818,219.90414468405433,222.61447143554688,42005600,0.0,0.0,0.3237125,0.22261447143554688
2024-11-12,222.9321731823864,223.96467356190874,221.75074442821315,222.61447143554688,40398300,0.0,0.0,0.468475,0.22261447143554688
2024-11-13,222.39605879884869,225.01703765642938,221.15506473467502,223.49806213378906,48566200,0.0,0.0,0.4662583333333334,0.22349806213378906
2024-11-14,223.398802697962,227.22105551450989,223.3789425502784,226.57574462890625,44923900,0.0,0.0,0.27113,0.22657574462890626
2024-11-15,224.76882873863602,225.28508648780175,222.65418524957263,223.37892150878906,47923700,0.0,0.0,0.49832,0.22337892150878907
2024-11-18,223.62711979019133,228.08477571151616,223.54769435597734,226.37716674804688,44633700,0.0,0.0,0.30388333333333334,0.22637716674804687
2024-11-19,225.34464764897942,228.5017442258817,225.02696106605572,226.63528442382812,36211800,0.0,0.0,0.37329166666666663,0.22663528442382813
2024-11-20,226.41689814964724,228.27342054954684,224.26253412411586,227.35012817382812,35169600,0.0,0.0,0.058662500000000006,0.22735012817382813
2024-11-21,227.2309725554499,228.50174921258224,224.08381355701644,226.87356567382812,42108300,0.0,0.0,0.5628,0.22687356567382813
2024-11-22,226.4168797117104,229.05771868234922,226.4168797117104,228.21383666992188,38168300,0.0,0.0,0.6273875,0.22821383666992187
2024-11-25,229.79240040372403,231.5694972757357,228.08479132337303,231.19223022460938,90152800,0.0,0.0,0.31539,0.23119223022460939
2024-11-26,231.6489234928732,233.87279036398945,231.6489234928732,233.366455078125,45986200,0.0,0.0,0.4246666666666667,0.233366455078125
2024-11-27,232.78071887838198,233.99193037541463,232.125470334311,233.23739624023438,33498400,0.0,0.0,0.45527000000000006,0.23323739624023437
2024-11-29,233.11825362062933,236.0966394139658,232.28430923421996,235.62010192871094,28481400,0.0,0.0,0.2663714285714286,0.23562010192871094
2024-12-02,235.5605532676808,239.0551819380818,235.45134517492735,237.86383056640625,48137100,0.0,0.0,0.2904875,0.23786383056640625
2024-12-03,238.08222901174219,241.01097200063165,237.17878168890522,240.90176391601562,38861000,0.0,0.0,0.49417500000000003,0.24090176391601562
2024-12-04,241.12019505186365,242.35126670496282,239.5118714775545,241.25918579101562,44383900,0.0,0.0,0.4641666666666666,0.24125918579101563
2024-12-05,242.23210799536452,242.77813324010052,240.3855083044983,241.2889404296875,40033900,0.0,0.0,0.2749666666666667,0.2412889404296875
2024-12-06,241.15989600483465,242.86750503393802,240.33587413565135,241.09039306640625,36870600,0.0,0.0,0.48983333333333334,0.24109039306640626
2024-12-09,240.08769312504634,245.4587194212017,240.00826768189094,244.9722442626953,44649200,0.0,0.0,0.6358,0.24497224426269532
2024-12-10,245.11121388943334,246.4217108653419,243.57237825215392,245.98487854003906,36914800,0.0,0.0,0.08446666666666668,0.24598487854003906
2024-12-11,246.17350623578653,248.9930409884295,244.48574226451257,244.71409606933594,45205800,0.0,0.0,0.5828166666666666,0.24471409606933595
2024-12-12,245.11120954102955,246.9478867446912,243.90992066775823,246.1735076904297,32777500,0.0,0.0,0.40338125,0.2461735076904297
2024-12-13,246.03453629863122,247.4939314395242,244.46591792091505,246.34230041503906,33155300,0.0,0.0,0.34291,0.24634230041503907
2024-12-16,246.20327957624434,249.56885459541954,245.86571770543418,249.23129272460938,51694800,0.0,0.0,0.34492307692307694,0.24923129272460937
2024-12-17,248.2782345553336,252.0012166921119,247.98039295462073,251.6537322998047,51356400,0.0,0.0,0.11792500000000002,0.2516537322998047
2024-12-18,250.343283238806,252.44800456803839,245.9551295369763,246.2628936767578,56774100,0.0,0.0,0.24480000000000005,0.2462628936767578
2024-12-19,245.71681628677703,250.18439476471843,245.30976661195103,247.9903106689453,60882300,0.0,0.0,0.4711,0.2479903106689453
2024-12-20,246.25292226826556,253.16278373693368,243.9198625662762,252.65646362304688,147495300,0.0,0.0,0.0,0.2526564636230469
2024-12-23,252.93446477293034,253.80811434244586,251.6239676953758,253.4308624267578,40858800,0.0,0.0,0.23662999999999998,0.25343086242675783
2024-12-24,253.64924013847912,256.34962902881983,253.45066898797964,256.3397216796875,23234700,0.0,0.0,0.44472500000000004,0.2563397216796875
2024-12-26,256.32980188696064,258.2260444048055,255.77383898408218,257.15380859375,27237100,0.0,0.0,0.5955333333333334,0.25715380859375
2024-12-27,255.9724022209019,256.8361595932908,251.23677948504655,253.74855041503906,42355300,0.0,0.0,0.09405000000000001,0.2537485504150391
2024-12-30,250.41276299480816,251.67361731138075,248.9434301413362,250.3829803466797,35557500,0.0,0.0,0.0,0.25038298034667966
2024-12-31,250.6212497119267,251.4551941340452,247.63292614272083,248.6157989501953,39480700,0.0,0.0,0.21177500000000002,0.2486157989501953
2025-01-02,247.1364952815275,247.30528379202167,240.07773614045146,242.09310913085938,55740700,0.0,0.0,0.0,0.24209310913085938
2025-01-03,241.60665893554688,242.42074318433572,240.14724866814672,241.60665893554688,40244100,0.0,0.0,0.45883,0.24160665893554686
2025-01-06,242.54980162717402,245.54804748087855,241.4477983095151,243.23483276367188,45045600,0.0,0.0,0.25770000000000004,0.2432348327636719
2025-01-07,241.22939201717418,243.78088314896328,239.61114601786818,240.46495056152344,40856000,0.0,0.0,0.7257750000000001,0.24046495056152345
2025-01-08,240.17702168463396,241.95413364050106,238.32049944087447,240.95140075683594,37628900,0.0,0.0,0.29969,0.24095140075683594
2025-01-10,238.28077607985776,238.42970445265777,231.32128701842691,235.1435546875,61710900,0.0,0.0,0.6150249999999999,0.2351435546875
2025-01-13,231.84748509521594,232.9792711307645,228.06493742769467,232.71121215820312,49630700,0.0,0.0,0.34400000000000003,0.23271121215820312
2025-01-14,233.05869925952226,234.41882398797216,230.79512716232853,231.5992889404297,39435300,0.0,0.0,0.2981,0.2315992889404297
2025-01-15,232.94949481929564,237.2383779015073,232.74100113522098,236.15621948242188,39832000,0.0,0.0,0.1211625,0.23615621948242188
2025-01-16,235.6399687194268,236.29520209930612,226.3871093224655,226.61544799804688,71759100,0.0,0.0,0.3907285714285714,0.22661544799804687
2025-01-17,230.44762501944012,230.61639839146835,226.83385097126646,228.3230438232422,68488300,0.0,0.0,0.5183833333333333,0.2283230438232422
2025-01-21,222.38615194982364,222.80312416686704,217.79944241349193,221.03594970703125,98070400,0.0,0.0,0.28352999999999995,0.22103594970703125
2025-01-22,218.2064751614249,222.5052806842356,218.2064751614249,222.21737670898438,64126500,0.0,0.0,0.37683999999999995,0.22221737670898437
2025-01-23,223.12080464680741,225.39429904989126,220.69838187044374,222.048583984375,60234800,0.0,0.0,0.35384000000000004,0.222048583984375
2025-01-24,223.160517277336,224.00439930767484,219.81480209957203,221.1749267578125,54697900,0.0,0.0,0.42775,0.2211749267578125
2025-01-27,222.4059977899183,230.47741293083342,222.36627749626697,228.20391845703125,94863400,0.0,0.0,0.2894285714285714,0.22820391845703125
2025-01-28,229.18679454547646,238.4594987479956,229.147074251248,236.54339599609375,75707600,0.0,0.0,0.20250000000000004,0.23654339599609375
2025-01-29,232.43322998057818,238.13188043636077,232.32402189200354,237.63548278808594,45486100,0.0,0.0,0.3895916666666666,0.23763548278808594
2025-01-30,236.95045561956258,239.05517683623282,235.50098294542886,235.87823486328125,55658300,0.0,0.0,0.46082999999999996,0.23587823486328124
2025-01-31,245.40906406001392,245.40906406001392,231.75812916176676,234.2996826171875,100959800,0.0,0.0,0.599425,0.2342996826171875
2025-02-03,228.33299411580026,230.15973381299622,224.0738938399255,226.36724853515625,73063300,0.0,0.0,0.1981,0.22636724853515625
2025-02-04,225.61271003037928,231.45035067549782,225.0170268486458,231.1227264404297,45067300,0.0,0.0,0.25398333333333334,0.2311227264404297
2025-02-05,226.8835194075747,230.9936915376493,226.62539807097704,230.79513549804688,39620300,0.0,0.0,0.0907,0.23079513549804687
2025-02-06,229.62360070928509,232.11552641696264,228.76979621063217,231.53970336914062,29925300,0.0,0.0,0.416475,0.23153970336914062
2025-02-07,230.9241838961893,232.31409120281862,225.62264568638093,225.989990234375,39707200,0.0,0.0,0.42706875,0.225989990234375
2025-02-10,228.16660736242451,229.1803610121675,225.81108525741098,226.25833129882812,33115600,0.25,0.0,0.15385000000000001,0.22625833129882814
2025-02-11,226.8049592810601,233.7919821040532,226.7353950927951,231.19793701171875,53718400,0.0,0.0,0.10163333333333335,0.23119793701171876
2025-02-12,229.78661520122571,235.51141262786788,229.26978984120754,235.4219512939453,45243300,0.0,0.0,0.37346,0.2354219512939453
2025-02-13,235.46174477414044,240.85854326211725,234.12993999243653,240.05349731445312,53614100,0.0,0.0,0.377425,0.24005349731445313
2025-02-14,239.77519417214083,244.04891051069433,239.51678905976664,243.10472106933594,40896200,0.0,0.0,0.32848750000000004,0.24310472106933595
2025-02-18,242.6574585849239,243.6811607859394,240.36158248040348,242.9755096435547,48822500,0.0,0.0,0.6289125,0.2429755096435547
2025-02-19,243.16435439309654,244.50609250836237,241.6735241546838,243.37306213378906,32204200,0.0,0.0,0.3191,0.24337306213378906
2025-02-20,243.4426355672204,245.27138364211797,242.7966000469895,244.3271942138672,32316900,0.0,0.0,0.17626,0.2443271942138672
2025-02-21,244.44645306890683,247.1697083342209,243.72091995824803,244.0489044189453,53197400,0.0,0.0,0.42680625000000005,0.2440489044189453
2025-02-24,243.43269920852308,247.33868242018207,242.92582237394555,245.58944702148438,51326400,0.0,0.0,0.15596250000000003,0.24558944702148439
2025-02-25,246.48392314447185,248.4716967182176,243.41281661275679,245.52978515625,48013300,0.0,0.0,0.07220000000000001,0.24552978515625
2025-02-26,242.83637220684057,243.48239258336395,237.66816369812489,238.89064025878906,44433600,0.0,0.0,0.2365875,0.23889064025878906
2025-02-27,237.94646720738686,240.97782529617328,235.61082691795045,235.849365234375,41153600,0.0,0.0,0.8631,0.235849365234375
2025-02-28,235.5014815283524,240.61005923211764,228.7927454203557,240.36158752441406,56833400,0.0,0.0,0.3803583333333333,0.24036158752441406
2025-03-03,240.31188380351972,242.5381957053339,234.66661403302143,236.5748748779297,47184000,0.0,0.0,0.33697499999999997,0.2365748748779297
2025-03-04,236.25683384188991,238.60240725621293,233.24534293735957,234.48770141601562,53798100,0.0,0.0,0.46421,0.23448770141601563
2025-03-05,233.98082285378285,235.1039197629907,227.82866128733946,234.2988739013672,47227600,0.0,0.0,0.29236249999999997,0.2342988739013672
2025-03-06,233.00682927336524,236.4059203890797,231.73465535282332,233.89138793945312,45170400,0.0,0.0,-0.07425,0.23389138793945313
2025-03-07,233.67273718007357,239.89446338205195,233.32487071745646,237.60853576660156,46273600,0.0,0.0,0.4382625,0.23760853576660157
2025-03-10,234.10012771023537,234.71634793752162,222.8493352175281,226.0894012451172,72071200,0.0,0.0,0.745425,0.2260894012451172
2025-03-11,222.44182022291236,224.45940937640347,216.12069905845206,219.48997497558594,76137400,0.0,0.0,-0.08499999999999999,0.21948997497558595
2025-03-12,218.7942505386503,220.39440897367027,213.5962265598192,215.653564453125,62547500,0.0,0.0,0.4742125,0.215653564453125
2025-03-13,214.62986833256545,215.51442704761877,207.14590135231947,208.398193359375,61368300,0.0,0.0,0.34704999999999997,0.208398193359375
2025-03-14,209.9585940343847,212.64208545758027,208.2988048386841,212.18490600585938,60107600,0.0,0.0,0.22749999999999998,0.21218490600585938
2025-03-17,212.00601857046763,213.90434624612,208.68643986463772,212.69180297851562,48073400,0.0,0.0,0.688675,0.21269180297851562
2025-03-18,212.85080057479257,213.83473880015984,210.19712464056028,211.38978576660156,42432400,0.0,0.0,0.10647999999999999,0.21138978576660156
2025-03-19,212.91042558181826,217.42266485537363,212.44329758558237,213.9241943359375,54385400,0.0,0.0,0.18151250000000002,0.2139241943359375
2025-03-20,212.6818400591608,216.16044383082547,210.9226561911479,212.79116821289062,48862900,0.0,0.0,0.4686,0.21279116821289062
2025-03-21,210.26668206389348,217.50217651661012,209.98839498228966,216.9356689453125,94127800,0.0,0.0,-0.07590000000000001,0.2169356689453125
2025-03-24,219.64899945464327,220.1260609084734,217.24379503613238,219.38064575195312,44299500,0.0,0.0,0.25045,0.21938064575195312
2025-03-25,219.4204082670252,222.73005335992565,218.73462390108503,222.38218688964844,34493600,0.0,0.0,0.3825,0.22238218688964845
2025-03-26,222.14365782695532,223.6444367672013,219.12224829293882,220.17576599121094,34466100,0.0,0.0,0.49450000000000005,0.22017576599121094
2025-03-27,220.03661426059983,223.61461307047793,219.21168633594712,222.48158264160156,37094800,0.0,0.0,0.15675,0.22248158264160156
2025-03-28,220.31490521146458,222.44182255065115,216.34929105853038,216.5679473876953,39818600,0.0,0.0,0.0,0.2165679473876953
2025-03-31,215.683368745432,224.24073468961828,214.90813825561798,220.77207946777344,65299300,0.0,0.0,0.49451249999999997,0.22077207946777344
2025-04-01,218.46626491168394,222.31260214779184,217.5618242432653,221.8256072998047,36412700,0.0,0.0,0.07301250000000001,0.2218256072998047
2025-04-02,219.96705040499884,223.81338775742097,219.66888130946384,222.52133178710938,35905900,0.0,0.0,0.28945999999999994,0.22252133178710937
2025-04-03,204.28348559152053,206.22157697816277,200.0197179050274,201.94786071777344,103419000,0.0,0.0,0.2589,0.20194786071777343
2025-04-04,192.70471987275084,198.65810753704542,186.19475800144227,187.22840881347656,125910900,0.0,0.0,-0.26042,0.18722840881347655
2025-04-07,176.11672557211514,192.96310261722135,173.5524959881376,180.35069274902344,160466300,0.0,0.0,0.20223750000000004,0.18035069274902343
2025-04-08,185.55866963100107,189.17641711488596,168.175598539417,171.365966796875,120859500,0.0,0.0,0.24119000000000002,0.171365966796875
2025-04-09,170.89883496621582,199.38363475051753,170.83920418374143,197.6343994140625,184395900,0.0,0.0,0.20703125,0.1976343994140625
2025-04-10,187.9141974958541,193.5892830219747,181.88129692496375,189.2559356689453,121880000,0.0,0.0,-0.023566666666666663,0.1892559356689453
2025-04-11,184.96235041538483,198.32017705332044,184.92258644836306,196.9386749267578,87435900,0.0,0.0,0.19393333333333337,0.19693867492675782
2025-04-14,210.14743595954587,211.63826622013798,199.9302804535287,201.28196716308594,101352900,0.0,0.0,0.05845,0.20128196716308594
2025-04-15,200.6260097569118,202.26591707175376,198.57860517432977,200.904296875,51343900,0.0,0.0,0.10939000000000002,0.200904296875
2025-04-16,197.1474065096439,199.47309822086447,191.19401850640656,193.08241271972656,59732400,0.0,0.0,0.4678166666666667,0.19308241271972656
2025-04-17,195.99447418061752,197.61451451967758,193.2314700862815,195.77581787109375,52164700,0.0,0.0,0.3693,0.19577581787109374
2025-04-21,192.08851517151226,192.6152739871965,188.64966000796989,191.97918701171875,46742500,0.0,0.0,0.40402499999999997,0.19197918701171876
2025-04-22,194.92107095045932,200.35763286451953,194.7719939992729,198.51895141601562,52976400,0.0,0.0,0.267575,0.19851895141601564
2025-04-23,204.74070932932477,206.7284832063085,201.56027415925303,203.34927368164062,52929200,0.0,0.0,0.21455000000000002,0.20334927368164063
2025-04-24,203.6374845300284,207.5534013078127,201.69940812530302,207.09620666503906,47311000,0.0,0.0,0.06417999999999999,0.20709620666503906
2025-04-25,205.10841141990002,208.46775361357263,204.9394524859384,208.00062561035156,38222300,0.0,0.0,0.3060333333333333,0.20800062561035157
2025-04-28,208.71624889674396,210.2070792460064,206.1917828448175,208.8553924560547,38743100,0.0,0.0,0.633,0.2088553924560547
2025-04-29,207.4142395090872,210.94254069563792,207.09618845243054,209.91883850097656,36827600,0.0,0.0,0.35643749999999996,0.20991883850097656
2025-04-30,208.0205233254963,212.2743578831654,205.4065960245207,211.20095825195312,52286500,0.0,0.0,0.08309166666666667,0.21120095825195312
2025-05-01,207.80187477964563,213.2483707428857,207.62296725165953,212.01596069335938,57365700,0.0,0.0,0.03066,0.21201596069335937
2025-05-02,204.83013207172814,205.72463931330321,200.92416412992952,204.09466552734375,101010600,0.0,0.0,0.19691428571428574,0.20409466552734376
2025-05-05,201.85840315300126,202.85228989395054,196.99829759637964,197.67413330078125,69018500,0.0,0.0,0.27715,0.19767413330078126
2025-05-06,196.9983091053983,199.42338015596502,195.81558138809015,197.2964630126953,51216500,0.0,0.0,0.046842857142857144,0.19729646301269532
2025-05-07,197.9524407308952,198.2207944248892,192.0686324392914,195.05029296875,68536700,0.0,0.0,0.0934375,0.19505029296875
2025-05-08,196.51128929096475,198.82704723676696,193.4898650803139,196.28269958496094,50478900,0.0,0.0,0.2923642857142857,0.19628269958496095
2025-05-09,197.7834732241415,199.31405222350435,196.3323918231404,197.31634521484375,36453900,0.0,0.0,0.23895624999999998,0.19731634521484376
2025-05-12,209.95526516858178,210.2538252478288,205.75556156059073,209.776123046875,63775800,0.26,0.0,0.1804,0.209776123046875
2025-05-13,209.41784747983854,212.37356332026266,207.99473291206186,211.90582275390625,51909300,0.0,0.0,0.33525,0.21190582275390624
2025-05-14,211.40824098508043,212.91098786371114,209.56714827780408,211.30873107910156,49325800,0.0,0.0,0.3392,0.21130873107910156
2025-05-15,209.93535780893234,211.93569971673273,208.53213606160298,210.43295288085938,45029500,0.0,0.0,0.5806666666666666,0.21043295288085936
2025-05-16,211.33858120774948,211.54757782116647,208.7610423595207,210.24386596679688,54737900,0.0,0.0,0.5727166666666667,0.21024386596679687
2025-05-19,206.90999202317107,208.47243269467637,203.2775387890809,207.7758026123047,46140500,0.0,0.0,0.2896166666666667,0.2077758026123047
2025-05-20,206.67113760639387,207.46729276724128,204.04383620537516,205.8650360107422,42496600,0.0,0.0,0.265625,0.2058650360107422
2025-05-21,204.18315305948536,206.04415370597744,199.74461367242378,201.1179656982422,59211800,0.0,0.0,0.201575,0.2011179656982422
2025-05-22,199.74461200022,201.77479312617928,198.73946027881726,200.3914794921875,46742400,0.0,0.0,0.44035,0.2003914794921875
2025-05-23,192.73846975457602,196.74908474491085,192.52948833207407,194.33078002929688,78432900,0.0,0.0,-0.1961875,0.19433078002929688
2025-05-27,197.34622283817185,199.77448939448533,196.4803970243206,199.24703979492188,56288500,0.0,0.0,0.007600000000000007,0.19924703979492187
2025-05-28,199.6251894151235,201.75489573800118,198.9385057789635,199.4560089111328,45339700,0.0,0.0,0.628575,0.19945600891113283
2025-05-29,202.60081106845576,202.8297005493605,197.55518975609246,198.98826599121094,51396800,0.0,0.0,0.10081250000000003,0.19898826599121094
2025-05-30,198.4110493394953,200.98860329086406,195.83351057352263,199.88394165039062,70819900,0.0,0.0,0.42201000000000005,0.1998839416503906
2025-06-02,199.31667499872813,201.15778278546435,199.15744093584797,200.72984313964844,35423300,0.0,0.0,0.24845000000000003,0.20072984313964845
2025-06-03,200.38153417950807,202.78989241693247,199.99341064507593,202.29229736328125,46381600,0.0,0.0,0.46055,0.20229229736328125
2025-06-04,201.93404589483336,205.24803106286797,201.12794426741362,201.844482421875,43604000,0.0,0.0,0.3586333333333333,0.201844482421875
2025-06-05,202.52119947175674,203.76518718349973,199.18730633012683,199.66500854492188,55126100,0.0,0.0,0.33876249999999997,0.19966500854492186
2025-06-06,202.0236053289331,204.7106157617459,201.07817770068002,202.93917846679688,46607700,0.0,0.0,0.046475000000000016,0.20293917846679688
2025-06-09,203.40694095782152,205.00919791789673,199.0579642885024,200.4810791015625,72862600,0.0,0.0,0.2511666666666667,0.2004810791015625
2025-06-10,199.63515466910712,203.36711781582227,199.60530017876516,201.6951904296875,54672600,0.0,0.0,0.5043333333333333,0.2016951904296875
2025-06-11,202.5211970741936,203.51638723180633,197.45568281643992,197.8238983154297,60989900,0.0,0.0,0.197575,0.19782389831542968
2025-06-12,198.12246436103902,198.71956936233477,196.4107360236097,198.24188232421875,43904600,0.0,0.0,0.13899999999999998,0.19824188232421874
2025-06-13,198.7693188209708,199.4062398916536,194.758703844025,195.50509643554688,51447300,0.0,0.0,0.1887375,0.19550509643554687
2025-06-16,196.3510290449251,197.73434281232372,195.61458283187793,197.46563720703125,43020700,0.0,0.0,0.547625,0.19746563720703125
2025-06-17,196.25149936947125,197.4357781067605,194.27108064091922,194.69900512695312,38856200,0.0,0.0,0.1627,0.19469900512695312
2025-06-18,194.99756984742208,196.61973472966923,194.13175923439314,195.63449096679688,45394700,0.0,0.0,0.29657999999999995,0.1956344909667969
2025-06-20,197.28649906078425,200.72984844555882,195.9131318065836,200.03321838378906,96813500,0.0,0.0,0.26976666666666665,0.20003321838378907
2025-06-23,200.6602176062245,201.3269932602472,198.00306142602122,200.5308380126953,55814300,0.0,0.0,0.487975,0.2005308380126953
2025-06-24,201.61558786363426,202.4615056450935,199.2370837881713,199.33660888671875,54064000,0.0,0.0,0.0,0.19933660888671875
2025-06-25,200.4810436177515,202.6903668657116,199.65503400834336,200.59051513671875,39525700,0.0,0.0,0.2923833333333333,0.20059051513671874
2025-06-26,200.4611428555203,201.66532960796235,198.50063224789568,200.03321838378906,50799100,0.0,0.0,0.1149125,0.20003321838378907
2025-06-27,200.91892502298623,202.2425296541318,199.03801637565215,200.11282348632812,73188600,0.0,0.0,0.44538,0.2001128234863281
2025-06-30,201.03834688076608,206.39247448465787,198.30157410241034,204.1831512451172,91912800,0.0,0.0,0.17134166666666664,0.20418315124511718
2025-07-01,205.6759415551798,209.17901505124104,205.1484920031366,206.82041931152344,78788900,0.0,0.0,0.17215,0.20682041931152345
2025-07-02,207.90519262679368,212.31387801499196,207.13889190503232,211.418212890625,67941800,0.0,0.0,0.3548916666666666,0.211418212890625
2025-07-03,211.12956719850303,213.61754237258577,210.79120621932267,212.52284240722656,34955800,0.0,0.0,0.13645000000000002,0.21252284240722658
2025-07-07,211.65703516300363,215.18996325511674,207.79570768244494,208.94017028808594,50229000,0.0,0.0,0.30021,0.20894017028808592
2025-07-08,209.08947184941582,210.41306148236814,207.44739887083225,208.99989318847656,42848900,0.0,0.0,0.3715,0.20899989318847656
2025-07-09,208.52219391164948,210.31353924447487,206.22330706177223,210.12445068359375,48749400,0.0,0.0,0.19753,0.21012445068359376
2025-07-10,209.49746585002458,212.45318170934252,209.01977884626095,211.38833618164062,44443600,0.0,0.0,0.32868461538461546,0.21138833618164063
2025-07-11,209.55720483784353,211.10969909895366,208.8506131239295,210.1443634033203,39765800,0.0,0.0,0.35947142857142855,0.21014436340332032
2025-07-14,208.92027389637033,209.89557123752414,206.54176989733165,207.6165771484375,38840100,0.0,0.0,0.28368571428571426,0.2076165771484375
2025-07-15,208.2137043224775,210.8708604550018,207.915144211828,208.10423278808594,42296300,0.0,0.0,0.254375,0.20810423278808593
2025-07-16,209.28851120731298,211.37840160704656,207.63649175890595,209.14918518066406,47490500,0.0,0.0,0.5298357142857143,0.20914918518066405
2025-07-17,209.5571995447156,210.78127919114968,208.58190225319882,209.0098419189453,48068100,0.0,0.0,0.31088125,0.2090098419189453
2025-07-18,209.85572385662016,210.77129689290484,208.69135330442998,210.1642303466797,48974600,0.0,0.0,0.49805,0.2101642303466797
2025-07-21,211.07984586548804,214.74213848423943,210.61210526026528,211.4580078125,51377400,0.0,0.0,0.5668375,0.2114580078125
2025-07-22,212.1148250502387,213.91611676733493,211.20919838168209,213.36875915527344,46404100,0.0,0.0,0.41379,0.21336875915527342
2025-07-23,213.96588230147148,214.11515474984876,211.38834345684663,213.11996459960938,46989300,0.0,0.0,0.28102857142857146,0.21311996459960938
2025-07-24,212.87116805528336,214.65256693634578,212.50295255730364,212.73184204101562,46022600,0.0,0.0,0.215175,0.2127318420410156
2025-07-25,213.6673206036272,214.2047317845148,212.37357038101962,212.8512725830078,40268800,0.0,0.0,0.26070000000000004,0.21285127258300782
2025-07-28,213.00055398053098,213.81661722083774,212.03521828670327,213.0204620361328,37858000,0.0,0.0,0.3247,0.2130204620361328
2025-07-29,213.14983725799084,213.77681196541135,209.80601264614248,210.25384521484375,51411700,0.0,0.0,-0.05217999999999999,0.21025384521484375
2025-07-30,210.88076185203582,211.36841043479416,206.72087480439723,208.0444793701172,45512500,0.0,0.0,0.17880000000000001,0.2080444793701172
2025-07-31,207.48719786288635,208.83069544134486,206.16359315375274,206.57162475585938,80698400,0.0,0.0,0.3868428571428572,0.20657162475585938
2025-08-01,209.8557561748323,212.5527283441607,200.530828701964,201.40660095214844,104434500,0.0,0.0,0.14612083333333334,0.20140660095214843
2025-08-04,203.52634207300898,206.88014336875773,200.70995198839026,202.37193298339844,75109300,0.0,0.0,0.24795,0.20237193298339845
2025-08-05,202.42168730403617,204.35235878558626,201.18766113385618,201.94400024414062,44155100,0.0,0.0,0.30147,0.20194400024414064
2025-08-06,204.6409599471833,214.3440641251077,204.60114383647723,212.22430419921875,108483100,0.0,0.0,0.2936333333333334,0.21222430419921876
2025-08-07,217.82723230897543,219.78775818606874,215.53829184895108,218.97169494628906,90224800,0.0,0.0,0.16926428571428573,0.21897169494628907
2025-08-08,219.76784743364436,229.88892965735022,218.19544514014734,228.2468719482422,113854000,0.0,0.0,0.27649999999999997,0.2282468719482422
2025-08-11,227.08116933177635,228.71513292468896,223.9327956372812,226.34388732910156,61806100,0.26,0.0,0.39997999999999995,0.22634388732910157
2025-08-12,227.17083074525974,229.95057099439725,226.23430307406312,228.80479431152344,55626200,0.0,0.0,0.24080555555555552,0.22880479431152342
2025-08-13,230.2195756343437,234.1351043372746,229.58191650034667,232.47125244140625,69878500,0.0,0.0,0.30442,0.23247125244140626
2025-08-14,233.1985666998313,234.25466305951576,230.0003892485326,231.92327880859375,51916300,0.0,0.0,0.341125,0.23192327880859376
2025-08-15,233.13877413921495,233.41774239633352,228.49592139875156,230.73764038085938,56038700,0.0,0.0,0.30882000000000004,0.23073764038085937
2025-08-18,230.8472385776313,232.26201052585682,229.26309412883964,230.04022216796875,37476200,0.0,0.0,0.5184785714285715,0.23004022216796874
2025-08-19,230.4287923573085,232.01293684851592,228.50590285589897,229.71144104003906,39402600,0.0,0.0,0.41808125,0.22971144104003907
2025-08-20,229.13359777829044,229.62179989876017,224.9391004018284,225.17820739746094,42263900,0.0,0.0,0.36102142857142855,0.22517820739746094
2025-08-21,225.43724912794482,225.68632903786573,222.9564077521854,224.07228088378906,30621200,0.0,0.0,0.19369285714285717,0.22407228088378905
2025-08-22,225.3376235225593,228.24687520672327,224.58042602754637,226.92176818847656,42477800,0.0,0.0,0.17303333333333334,0.22692176818847656
2025-08-25,225.6464693442017,228.45609804536198,225.3973894325087,226.323974609375,30983100,0.0,0.0,0.1428857142857143,0.226323974609375
2025-08-26,226.03502689374838,228.6453946309622,223.86305742355088,228.46604919433594,54575100,0.0,0.0,0.181975,0.22846604919433594
2025-08-27,227.7686378094015,230.05020313892598,227.41991984776428,229.6417236328125,31259500,0.0,0.0,0.23644166666666666,0.2296417236328125
2025-08-28,229.9704999102399,232.55096405412047,228.4959359400532,231.70408630371094,38074700,0.0,0.0,0.30764285714285716,0.23170408630371095
2025-08-29,231.65426265633033,232.52107103838586,230.51845893056873,231.28562927246094,39418400,0.0,0.0,0.32532777777777777,0.23128562927246094
2025-09-02,228.4062860305561,230.00040359535532,226.13467838242784,228.8745574951172,44075600,0.0,0.0,0.39715000000000006,0.22887455749511718
2025-09-03,236.33698891571112,237.9709525201245,233.49747185558658,237.59234619140625,66427800,0.0,0.0,0.28256666666666663,0.23759234619140626
2025-09-04,237.57241502764154,239.01707546456905,235.86871695735925,238.89752197265625,47549400,0.0,0.0,0.26264090909090904,0.23889752197265626
2025-09-05,239.1167027112504,240.43185187342493,237.61226559630578,238.80784606933594,54870400,0.0,0.0,0.173535,0.23880784606933594
2025-09-08,238.41928864081726,239.2661511981365,235.47017586985078,237.0045166015625,48999500,0.0,0.0,0.212,0.2370045166015625
2025-09-09,236.12775932745953,237.90120710535396,232.5011563745861,233.48751831054688,66313900,0.0,0.0,0.422605,0.23348751831054687
2025-09-10,231.33545739080094,231.56460664903227,225.118417424808,225.955322265625,83440800,0.0,0.0,0.41514999999999996,0.225955322265625
2025-09-11,226.04500979013486,229.60186307827533,225.81584532196928,229.18341064453125,50208600,0.0,0.0,0.5454333333333333,0.22918341064453124
2025-09-12,228.37638560886936,233.6469097348115,228.17712472443904,233.2085418701172,55824200,0.0,0.0,0.2737,0.2332085418701172
2025-09-15,236.12775635652346,237.31337916896246,234.16500543557729,235.828857421875,42699500,0.0,0.0,0.37060000000000004,0.235828857421875
2025-09-16,236.30706734003456,240.33220689969463,235.45024710789585,237.27349853515625,63421100,0.0,0.0,0.25222222222222224,0.23727349853515625
2025-09-17,238.09051246512186,239.21635855568803,236.85507060288438,238.11044311523438,46508000,0.0,0.0,0.24351153846153845,0.23811044311523438
2025-09-18,239.08682096339746,240.31228984200703,235.77903252032195,237.0045166015625,44249600,0.0,0.0,0.2096277777777778,0.2370045166015625
2025-09-19,240.34217704154452,245.3935247988757,239.32594197772087,244.59646606445312,163741300,0.0,0.0,-0.24695,0.24459646606445312
2025-09-22,247.38616206443075,255.69547916115815,247.2068166293636,255.13751220703125,105517400,0.0,0.0,0.048238888888888894,0.25513751220703124
2025-09-23,254.93828225227924,256.3929004583055,252.64674396870498,253.4936065673828,60275200,0.0,0.0,0.35015,0.2534936065673828
2025-09-24,254.28068708944184,254.7987775332095,250.11606329601622,251.3813934326172,42303700,0.0,0.0,0.0979125,0.2513813934326172
2025-09-25,252.27808820484515,256.22352044118514,250.7836088309123,255.9246063232422,55202100,0.0,0.0,0.24841999999999995,0.2559246063232422
2025-09-26,253.16481067495934,256.6519291955366,252.84598111295833,254.51980590820312,46076300,0.0,0.0,0.20165,0.2545198059082031
2025-09-29,253.6231329894407,254.06151607705354,252.07883445903423,253.4936065673828,40127700,0.0,0.0,0.32299999999999995,0.2534936065673828
2025-09-30,253.9220050782957,254.97810138533342,252.1784458386236,253.69285583496094,37704300,0.0,0.0,0.3188555555555556,0.25369285583496093
2025-10-01,254.10134722927504,257.83756097799323,253.9917514638179,254.5098419189453,48713900,0.0,0.0,0.1017625,0.2545098419189453
2025-10-02,255.63569123318152,257.22980880920034,253.21464169746508,256.1836853027344,42630200,0.0,0.0,-0.009533333333333338,0.2561836853027344
2025-10-03,253.73271197999827,258.2858846694617,253.01536064819075,257.07037353515625,49155600,0.0,0.0,0.049260000000000005,0.25707037353515627
2025-10-06,257.0404730386864,258.11651518827176,254.11130630837613,255.74526977539062,44664100,0.0,0.0,0.40991666666666665,0.25574526977539064
2025-10-07,255.86484387966763,256.45266881763376,254.48991791397023,255.53607177734375,31955800,0.0,0.0,0.31989285714285715,0.2555360717773438
2025-10-08,255.5758888188916,257.56852798749276,255.16739414069707,257.1102294921875,36496900,0.0,0.0,0.3274142857142857,0.2571102294921875
2025-10-09,256.8611709050607,257.05047407420307,252.20835988470006,253.10504150390625,38322000,0.0,0.0,0.43296666666666667,0.2531050415039062
2025-10-10,254.00171816056968,255.436420799504,243.10197943699816,244.3673095703125,61999100,0.0,0.0,0.3522785714285714,0.2443673095703125
2025-10-13,248.46219085423505,248.7710475029622,244.6562426215344,246.74851989746094,38142900,0.0,0.0,0.19656363636363636,0.24674851989746094
2025-10-14,245.69243161385845,247.9341508249242,243.79941515849077,246.85812377929688,35478000,0.0,0.0,0.29488749999999997,0.24685812377929686
2025-10-15,248.57177456170203,250.89320098009676,246.55920477705152,248.4223175048828,33893600,0.0,0.0,0.44978999999999997,0.2484223175048828
2025-10-16,247.33635013275978,248.1234359576197,244.22783772705108,246.53929138183594,39777000,0.0,0.0,0.2811,0.24653929138183595
2025-10-17,247.1072067041429,252.4474806979352,246.3599669580113,251.36148071289062,49147000,0.0,0.0,0.35588333333333333,0.2513614807128906
2025-10-20,254.94822099113512,263.4069798400544,254.68918336894043,261.27484130859375,90483000,0.0,0.0,0.3332636363636364,0.26127484130859374
2025-10-21,260.916147926868,264.313600971564,260.8663137101643,261.8028564453125,46695900,0.0,0.0,0.28054545454545454,0.2618028564453125
2025-10-22,261.6833028295614,261.88257888575197,254.48987503678674,257.498779296875,45015300,0.0,0.0,0.00626000000000001,0.257498779296875
2025-10-23,258.98329410338334,259.66078406832133,257.06040475940137,258.6246032714844,32754900,0.0,0.0,0.313265,0.2586246032714844
2025-10-24,260.2287466983284,263.1579290692685,258.2261343576155,261.8527526855469,38253700,0.0,0.0,0.3391444444444444,0.26185275268554686
2025-10-27,263.90517991319996,268.12956591820625,263.67601542509226,267.8207092285156,44888200,0.0,0.0,0.4020676470588236,0.26782070922851564
2025-10-28,268.00000632210845,268.89671830922975,267.1631014853557,268.0099792480469,41534800,0.0,0.0,0.34853333333333336,0.26800997924804687
2025-10-29,268.28896033752676,270.41112610592455,266.126933268734,268.7074279785156,51086700,0.0,0.0,0.42177999999999993,0.2687074279785156
2025-10-30,270.98897852374654,273.131090148023,267.49191714200913,270.4011535644531,69886500,0.0,0.0,0.26006250000000003,0.2704011535644531
2025-10-31,275.9705701844509,276.29937269597025,268.16940070155243,269.37493896484375,86167100,0.0,0.0,0.12566666666666668,0.26937493896484377
2025-11-03,269.424736694289,269.8531467885877,265.2700709373508,268.05975341796875,50194600,0.0,0.0,0.2525892857142857,0.2680597534179687
2025-11-04,267.3424445625432,270.49081837885313,266.6350661079627,269.0461730957031,49274800,0.0,0.0,0.3692857142857143,0.2690461730957031
2025-11-05,267.6214146886098,270.7000692568828,265.94760492323326,269.14581298828125,43683100,0.0,0.0,0.2325666666666667,0.2691458129882813
2025-11-06,266.90407480138714,272.3937751745226,266.90407480138714,268.7771301269531,51204000,0.0,0.0,0.19058999999999998,0.26877713012695315
2025-11-07,268.80702532983145,271.2878818962731,265.7881780523408,267.48193359375,48227400,0.0,0.0,0.010075,0.26748193359375
2025-11-10,268.22988302493957,272.9869540449525,266.7339548671466,268.6986083984375,41312400,0.26,0.0,0.4662142857142858,0.2686986083984375
2025-11-11,269.0776024957972,275.1610502271484,269.06761990152603,274.5028381347656,46208300,0.0,0.0,0.36493749999999997,0.2745028381347656
2025-11-12,274.25347600982695,274.9815052844664,270.9624464716027,272.7276306152344,48398000,0.0,0.0,0.29675,0.27272763061523436
2025-11-13,273.36590026791555,275.9488963676571,271.3513946141157,272.2090759277344,49602800,0.0,0.0,0.030450000000000005,0.27220907592773436
2025-11-14,270.31420819279356,275.21088338895913,268.8681625557137,271.6705322265625,47431300,0.0,0.0,0.24180000000000001,0.2716705322265625
2025-11-17,268.09027174019775,269.7557213346742,265.00866346949266,266.73394775390625,45018300,0.0,0.0,0.07855,0.26673394775390624
2025-11-18,269.2570854665072,269.9751321987233,264.59977951795884,266.7140197753906,45677300,0.0,0.0,0.16899999999999998,0.2667140197753906
2025-11-19,264.80918960656476,271.47104873805114,264.77927226211665,267.8309631347656,40424500,0.0,0.0,0.2295583333333333,0.2678309631347656
2025-11-20,270.09480618650156,274.68232536305425,265.1981613886433,265.5272521972656,45823600,0.0,0.0,0.2607785714285714,0.26552725219726564
2025-11-21,265.22808167538,272.5880228442522,264.9488429624803,270.7530212402344,59030800,0.0,0.0,0.3198666666666667,0.27075302124023437
2025-11-24,270.164627965921,276.24807542504453,270.164627965921,275.1710205078125,65585800,0.0,0.0,0.3528375,0.2751710205078125
2025-11-25,274.52274228722064,279.6188865292943,274.5028075356392,276.2181396484375,46914200,0.0,0.0,0.3152916666666667,0.2762181396484375
2025-11-26,276.2081750495132,278.7712060098946,275.8790842359358,276.79656982421875,33431400,0.0,0.0,0.4995,0.27679656982421874
2025-11-28,276.5073375714406,278.2426042891834,275.2407657367699,278.093017578125,20135600,0.0,0.0,0.48947499999999994,0.278093017578125
2025-12-01,277.255303275414,282.650620542313,275.390384584981,282.33148193359375,46587700,0.0,0.0,0.266425,0.28233148193359375
2025-12-02,282.231773534172,286.619823290159,281.86278279875575,285.4131164550781,53669500,0.0,0.0,0.20841000000000004,0.2854131164550781
2025-12-03,285.4231155973949,287.8365294074879,282.5309633672564,283.378662109375,43538700,0.0,0.0,0.15915833333333335,0.283378662109375
2025-12-04,283.32881389666403,283.9571086251454,277.8337611056945,279.93804931640625,43989100,0.0,0.0,0.2113083333333333,0.27993804931640626
2025-12-05,279.77848663840757,280.37686403379615,277.29522501275557,278.02325439453125,47265800,0.0,0.0,0.1709,0.27802325439453124
2025-12-08,277.374989388386,278.9108174051644,275.4003533668138,277.1356506347656,38211800,0.0,0.0,0.19742999999999997,0.27713565063476564
2025-12-09,277.40493251311347,279.2698514894354,276.16830825817004,276.4275817871094,32193300,0.0,0.0,0.4188200000000001,0.27642758178710936
2025-12-10,276.99605153243056,278.9906225605669,275.6896099437804,278.02325439453125,33038300,0.0,0.0,-0.010699999999999987,0.27802325439453124
2025-12-11,278.342340640522,278.83100071126506,273.06669274298736,277.2752380371094,33248000,0.0,0.0,0.41333571428571425,0.27727523803710935
2025-12-12,277.14562382282355,278.4620479370953,276.0685689150702,277.52459716796875,39532900,0.0,0.0,0.4006083333333334,0.27752459716796873
2025-12-15,279.3894873363706,279.3894873363706,272.0993337942639,273.3658752441406,50409100,0.0,0.0,0.32606250000000003,0.27336587524414063
2025-12-16,272.07941349564567,274.752131096348,271.0522107383373,273.8645324707031,37648600,0.0,0.0,0.3936444444444444,0.27386453247070314
2025-12-17,274.2634587890498,275.41033087528734,270.9026119684932,271.10205078125,50138700,0.0,0.0,0.20985833333333334,0.27110205078125
2025-12-18,272.86723904028526,272.8872042261758,266.22534517191764,271.45111083984375,51630700,0.0,0.0,0.39108124999999994,0.27145111083984375
2025-12-19,271.4112306527045,273.8545921928022,269.1673383776201,272.9271240234375,144632000,0.0,0.0,0.33785,0.2729271240234375
2025-12-22,272.1193204151364,273.1365711538121,269.775723721713,270.2344665527344,36571800,0.0,0.0,0.531325,0.27023446655273436
2025-12-23,270.1048034873943,271.7603010837797,268.8282792538215,271.62066650390625,29642000,0.0,0.0,0.3689125,0.27162066650390626
2025-12-24,271.60073103225574,274.68233959340455,271.46112688748974,273.0667419433594,17910600,0.0,0.0,0.6985875,0.2730667419433594
2025-12-26,273.4157529954652,274.6224597374741,272.11926379011726,272.6578063964844,21521800,0.0,0.0,0.3982,0.27265780639648435
2025-12-29,271.9497734782625,273.61522314661676,271.6107000753325,273.0168762207031,23715200,0.0,0.0,0.6243722222222222,0.27301687622070314
2025-12-30,272.06942798009953,273.3359694836473,271.54086793463244,272.33868408203125,22139600,0.0,0.0,0.39429999999999993,0.27233868408203127
2025-12-31,272.3187639976345,272.9370761103812,271.0123224859311,271.12200927734375,27293600,0.0,0.0,0.4373214285714286,0.27112200927734376
2026-01-02,271.52092924369913,277.0857683126949,268.2697691424855,270.2743225097656,37838100,0.0,0.0,0.26645833333333335,0.27027432250976563
2026-01-05,269.9053450243044,270.7729784841199,265.41756056202854,266.5345153808594,45647200,0.0,0.0,0.4529714285714285,0.26653451538085937
2026-01-06,266.27521573774703,266.82371056256306,261.40845786144683,261.6477966308594,52352100,0.0,0.0,0.34395454545454546,0.26164779663085935
2026-01-07,262.48552563718374,262.964203143993,259.1047135716701,259.623291015625,48309800,0.0,0.0,0.37344499999999997,0.259623291015625
2026-01-08,256.32231677215987,258.5861744106298,255.00590778144198,258.33685302734375,50419300,0.0,0.0,0.3707500000000001,0.25833685302734377
2026-01-09,258.3767027680543,259.5036402038468,255.52448097015204,258.6659240722656,39997000,0.0,0.0,0.44137777777777776,0.25866592407226563
2026-01-12,258.45648066308013,260.5906555331263,256.1028713590674,259.54351806640625,45263800,0.0,0.0,0.30934285714285714,0.25954351806640624
2026-01-13,258.0176775418968,261.0992857475004,257.6885867541948,260.3413391113281,45730800,0.0,0.0,0.20929375,0.2603413391113281
2026-01-14,258.78560808748875,261.10930037675524,256.0131555781144,259.25433349609375,40019400,0.0,0.0,0.33809999999999996,0.2592543334960937
2026-01-15,259.9424426175537,260.3313985459844,256.35220896361545,257.5090637207031,39388600,0.0,0.0,0.35578499999999996,0.25750906372070315
2026-01-16,257.1999111311508,258.1971965798445,254.23797213114116,254.8363494873047,72142800,0.0,0.0,0.43185909090909097,0.2548363494873047
2026-01-20,252.04394930256512,254.09835490933511,242.75922413209136,246.0303192138672,80267500,0.0,0.0,0.48728999999999995,0.2460303192138672
2026-01-21,248.02490552393743,250.8771427168815,244.51445623630568,246.97775268554688,54641700,0.0,0.0,0.48025625000000005,0.24697775268554686
2026-01-22,248.52352576906395,250.31864258405668,247.47637302553753,247.67584228515625,39708300,0.0,0.0,0.3012428571428571,0.24767584228515624
2026-01-23,246.6486524137701,248.7329754164565,244.01580413580567,247.36668395996094,41689000,0.0,0.0,0.35607,0.24736668395996095
2026-01-26,250.7973351598156,255.86354695988197,249.12190294519746,254.7166748046875,55969200,0.0,0.0,0.44023,0.2547166748046875
2026-01-27,258.4664593428383,261.23891141767155,257.50904348719195,257.5688781738281,49648300,0.0,0.0,0.47666111111111115,0.2575688781738281
2026-01-28,256.9505880888889,258.1572949521919,253.81911240916085,255.74388122558594,41288000,0.0,0.0,0.2944388888888889,0.25574388122558595
2026-01-29,257.29964922744847,258.94516415300217,253.7193980705993,257.5788879394531,67253000,0.0,0.0,0.4675535714285714,0.2575788879394531
2026-01-30,254.47732177254832,261.1890484668085,251.49543285360957,258.775634765625,92443400,0.0,0.0,0.3340333333333334,0.258775634765625
2026-02-02,259.3241487899344,269.7557466562268,258.50636737104884,269.2770690917969,73913400,0.0,0.0,0.34499,0.2692770690917969
2026-02-03,268.4692659190308,271.1419837262723,266.88355520832346,268.7485046386719,64394700,0.0,0.0,0.4601375,0.2687485046386719
2026-02-04,271.5508603406617,278.19278500760885,271.5508603406617,275.73944091796875,90545700,0.0,0.0,0.2764142857142857,0.27573944091796876
2026-02-05,277.3749854862336,278.7412615768201,272.48829324857786,275.1610107421875,52977400,0.0,0.0,0.5340999999999999,0.2751610107421875
2026-02-06,276.3677353153735,280.14745564173626,276.1782486476445,277.3650207519531,50453400,0.0,0.0,0.439075,0.27736502075195313
2026-02-09,277.41494619870406,277.70443813431814,271.2160169672847,274.13079833984375,44623400,0.26,0.0,0.36918333333333325,0.2741307983398438
2026-02-10,274.40031021957236,274.87943562430115,272.4537718732244,273.19244384765625,34376900,0.0,0.0,0.4750642857142857,0.27319244384765623
2026-02-11,274.2106536370846,279.6808719096702,273.9610989943363,275.00921630859375,51931300,0.0,0.0,0.4026142857142857,0.27500921630859376
2026-02-12,275.0990585104662,275.22883180172755,259.71650632997444,261.2637634277344,81077200,0.0,0.0,0.32998,0.2612637634277344
2026-02-13,261.5432690161623,261.7628783299504,254.9949421084194,255.32435607910156,56290700,0.0,0.0,0.3290416666666667,0.2553243560791016
2026-02-17,257.5903108294174,265.8156532326085,255.08478749757862,263.4099426269531,58469100,0.0,0.0,0.33510454545454543,0.2634099426269531
2026-02-18,263.13045584681157,266.3447212846438,261.9825104325609,263.8791198730469,34203300,0.0,0.0,0.3556857142857143,0.26387911987304685
2026-02-19,262.13220471573277,264.00886051677537,259.5867290635135,260.11578369140625,30845300,0.0,0.0,0.3307583333333333,0.26011578369140625
2026-02-20,258.50868117461044,264.2783836675007,257.7001265171608,264.1086730957031,42070500,0.0,0.0,0.4772,0.26410867309570313
2026-02-23,263.0206001676805,268.95002088588865,262.91081074777924,265.705810546875,37308200,0.0,0.0,0.3428583333333333,0.265705810546875
2026-02-24,267.38283777638213,274.4003442568012,267.233111068832,271.6552429199219,47014600,0.0,0.0,0.37509166666666666,0.2716552429199219
2026-02-25,271.29586819299504,274.45024283739696,270.567157599074,273.74151611328125,33714300,0.0,0.0,0.059050000000000026,0.27374151611328124
2026-02-26,274.4602128097023,275.61811956353745,270.31758130113775,272.4637756347656,32345100,0.0,0.0,0.4051772727272727,0.27246377563476565
2026-02-27,272.3240439665745,272.3240439665745,262.4217314181026,263.70941162109375,72366500,0.0,0.0,0.16111,0.26370941162109374
2026-03-02,261.94253069595567,266.05518620599753,259.73647625260065,264.2484130859375,41827900,0.0,0.0,0.2548416666666667,0.2642484130859375
2026-03-03,263.0106738027697,265.08695529305965,259.6666350681776,263.2801818847656,38568900,0.0,0.0,0.31510000000000005,0.26328018188476565
2026-03-04,264.17854815272653,265.67587606267574,260.95432154975975,262.0523376464844,39803100,0.0,0.0,0.2741944444444445,0.2620523376464844
2026-03-05,260.3254337562426,261.09405110124777,256.79173142961054,259.8263244628906,49658600,0.0,0.0,0.3384916666666667,0.2598263244628906
2026-03-06,258.16927189629365,258.3090066542827,253.916851068475,257.0013427734375,41120000,0.0,0.0,0.33381666666666665,0.2570013427734375
2026-03-09,255.2345148744848,260.68477987096253,253.22808575123491,259.41705322265625,38218500,0.0,0.0,0.1551857142857143,0.25941705322265624
2026-03-10,257.19102845716964,262.01244158439727,256.4922936817907,260.3653564453125,30590800,0.0,0.0,0.038883333333333325,0.2603653564453125
2026-03-11,260.624897946549,261.6630538494394,259.08763272962494,260.34539794921875,26218900,0.0,0.0,0.3144,0.26034539794921874
2026-03-12,258.1992408199258,258.48873275942157,253.7272102811576,255.3043975830078,40794000,0.0,0.0,0.3826375,0.2553043975830078
2026-03-13,255.024890934378,255.87336762960538,249.07551643845036,249.6744384765625,36930000,0.0,0.0,0.39043750000000005,0.2496744384765625
2026-03-16,251.66090222791988,253.43773019062647,249.4348789230203,252.36964416503906,32074200,0.0,0.0,0.4412166666666666,0.25236964416503904
2026-03-17,252.5093881906664,254.67552076289968,251.7307636559193,253.77711486816406,32361600,0.0,0.0,0.3171625,0.25377711486816407
2026-03-18,252.1799767808244,254.48585937367065,248.55643828829037,249.49476623535156,35757900,0.0,0.0,0.08415,0.24949476623535155
2026-03-19,248.95572868612365,251.38140795985734,246.85947863088072,248.5165252685547,34864100,0.0,0.0,0.5477875,0.2485165252685547
2026-03-20,247.53824109812177,248.75606899357115,245.56177255944445,247.54823303222656,88331100,0.0,0.0,0.4349375,0.24754823303222656
2026-03-23,253.51758537106093,254.14646797882926,249.83415620831627,251.04200744628906,40546100,0.0,0.0,0.14224444444444445,0.2510420074462891
2026-03-24,249.90403139868116,254.37604644028636,249.10545347620703,251.1917266845703,45152300,0.0,0.0,0.135575,0.2511917266845703
2026-03-25,253.6473574345128,254.5457480998694,251.15181088451408,252.16998291015625,28476700,0.0,0.0,0.5363,0.25216998291015624
2026-03-26,251.67088153367666,256.5421934269488,250.32329549316128,252.43951416015625,41796700,0.0,0.0,0.4305785714285714,0.25243951416015625
2026-03-27,253.4477020992108,255.03488128462607,247.6281009352486,248.35679626464844,47900000,0.0,0.0,0.5304062500000001,0.24835679626464843
2026-03-30,249.62453299565456,250.4230956915925,245.07264337813007,246.19065856933594,39446200,0.0,0.0,0.6442166666666668,0.24619065856933595
2026-03-31,247.4683905467953,255.02489784868362,246.65983587287727,253.33790588378906,49598100,0.0,0.0,0.3352607142857143,0.25333790588378907
2026-04-01,253.6273948962928,255.72364490973627,252.8787309132899,255.1746368408203,40059400,0.0,0.0,0.25627727272727274,0.2551746368408203
2026-04-02,253.74717405681358,255.6737439434535,250.20349485503914,255.464111328125,31289400,0.0,0.0,0.39325,0.255464111328125
2026-04-06,256.0530752925303,261.6930045642991,256.0031460821725,258.39886474609375,29329900,0.0,0.0,-0.07469999999999999,0.25839886474609375
2026-04-07,255.70368128016966,255.7436185540334,245.2623079794448,253.0484161376953,62148000,0.0,0.0,0.3940208333333333,0.2530484161376953
2026-04-08,257.9896321241455,259.28730423338584,256.07303883918246,258.4388122558594,41032800,0.0,0.0,0.31611249999999996,0.25843881225585935
2026-04-09,258.5386343954405,260.6548530924392,255.61386101634736,260.0259704589844,28121600,0.0,0.0,-0.008333333333333323,0.2600259704589844
2026-04-10,259.5168819122501,261.7229364827484,258.5585701252562,260.0159912109375,31291500,0.0,0.0,0.6891833333333333,0.2600159912109375
2026-04-13,259.2673359057164,259.71651601158027,256.2027973984465,258.73828125,36234700,0.0,0.0,0.5216999999999999,0.25873828125
2026-04-14,258.7881922504944,261.4634109961452,256.7318642110386,258.3689270019531,48370700,0.0,0.0,0.5451857142857143,0.25836892700195313
2026-04-15,257.7001261657452,266.08515659729386,257.35074355126085,265.95538330078125,49913500,0.0,0.0,0.35340999999999995,0.2659553833007812
2026-04-16,266.3247234477873,266.68409800240715,260.80457553569033,262.9307861328125,43323100,0.0,0.0,0.38602142857142857,0.2629307861328125
2026-04-17,266.4844323486072,271.8149160854778,266.24486962975914,269.7486267089844,61436200,0.0,0.0,0.39337,0.26974862670898436
2026-04-20,269.84841238867654,273.7913879220191,269.80850557942483,272.5635681152344,36590200,0.0,0.0,0.39014166666666666,0.27256356811523436
2026-04-21,271.0163536236942,272.3140256362382,264.9272139873882,265.69586181640625,50209800,0.0,0.0,0.25914000000000004,0.26569586181640625
2026-04-22,267.3429346055621,273.2523721409737,266.39461467279705,272.68341064453125,43249200,0.0,0.0,0.39234,0.2726834106445313
2026-04-23,274.56001085217736,275.2787294551341,271.1660737405759,272.9429016113281,33399600,0.0,0.0,0.1259142857142857,0.2729429016113281
2026-04-24,272.2741016414235,272.5735550213531,269.16962610782736,270.5771179199219,38157100,0.0,0.0,0.3719625,0.2705771179199219
2026-04-27,265.6159889280984,267.88193422863776,264.59781690250213,267.1332702636719,41466800,0.0,0.0,0.31344583333333337,0.2671332702636719
2026-04-28,271.8548539018017,272.7432830913257,268.181416710472,270.2277526855469,40018900,0.0,0.0,0.4497,0.2702277526855469
2026-04-29,267.07336249706583,270.55716597281076,266.56429174844374,269.688720703125,30047900,0.0,0.0,0.38144285714285714,0.269688720703125
2026-04-30,270.018146234023,275.50834883767226,267.6623648300734,270.86663818359375,91848200,0.0,0.0,0.51605,0.27086663818359374
2026-05-01,278.3632420760759,286.70836594964845,277.8741246788477,279.6409912109375,79915400,0.0,0.0,0.20285454545454543,0.2796409912109375
2026-05-04,279.16179801165765,280.13007120517506,274.3703307853319,276.3368225097656,46668400,0.0,0.0,0.45977142857142855,0.2763368225097656
2026-05-05,276.43668191704,284.0630869835518,276.00745521106614,283.67376708984375,49311700,0.0,0.0,0.32136818181818183,0.28367376708984376
2026-05-06,281.4178249779708,287.5169265187869,280.5693330033821,286.99786376953125,58336100,0.0,0.0,0.32295,0.28699786376953124
2026-05-07,288.75470528792926,291.6096265406606,285.2709318587503,286.927978515625,45224300,0.0,0.0,0.07201999999999999,0.286927978515625
2026-05-08,289.49338424193445,294.2349225642168,289.48339230776435,292.7974853515625,52692800,0.0,0.0,0.52899,0.2927974853515625
2026-05-11,291.72841688276577,293.6267735875138,289.979924827367,292.42779541015625,42247300,0.27,0.0,-0.07090000000000002,0.29242779541015623
2026-05-12,292.3078994315659,295.0155556946294,292.3078994315659,294.54595947265625,45748100,0.0,0.0,0.1695227272727273,0.29454595947265627
2026-05-13,293.24708951115105,300.6607090744109,293.24708951115105,298.6124572753906,52684300,0.0,0.0,0.1632625,0.29861245727539065
2026-05-14,299.5616620172475,300.1911240450107,295.12548538387824,297.9530334472656,35324900,0.0,0.0,0.5005083333333333,0.29795303344726565
2026-05-15,297.643304079477,302.93875555297063,296.26448829773227,299.9713134765625,54862800,0.0,0.0,0.10778750000000001,0.2999713134765625
2026-05-18,299.98126929450746,300.4009207908792,294.6558756451712,297.5833435058594,34483000,0.0,0.0,0.01039375,0.29758334350585935
2026-05-19,296.7140952726279,300.2510533099592,296.09463441963413,298.7123718261719,42243600,0.0,0.0,0.34611250000000005,0.2987123718261719
2026-05-20,297.9230626302997,302.5390768782648,297.82314269813475,301.98956298828125,38229800,0.0,0.0,0.244125,0.3019895629882812
2026-05-21,300.80056674721834,305.27671719779084,300.1411318265125,304.7271728515625,42965100,0.0,0.0,0.3527,0.3047271728515625
2026-05-22,305.85620846339293,311.13165741506583,305.57645096183757,308.55389404296875,43670200,0.0,0.0,0.4045375,0.30855389404296873
2026-05-26,309.29325163060713,311.5513139598484,307.4048960873393,308.0643005371094,48000500,0.0,0.0,0.4235333333333333,0.30806430053710937
2026-05-27,308.0643052358437,312.9900803339556,308.0343323058515,310.5821533203125,50430900,0.0,0.0,0.10818333333333337,0.3105821533203125
2026-05-28,310.412282475935,312.5304508120942,309.30325358892543,312.24072265625,48220400,0.0,0.0,-0.005707142857142847,0.31224072265625
2026-05-29,311.5113496628706,314.7285763294451,309.2632884033746,311.7911071777344,70026800,0.0,0.0,0.3353357142857143,0.3117911071777344
2026-06-01,309.363197507879,310.67206624496237,304.7571540774977,306.0460510253906,48849900,0.0,0.0,0.3223642857142857,0.3060460510253906
2026-06-02,307.1950545511415,315.1781903378333,306.42572903356995,314.92840576171875,44534700,0.0,0.0,0.5869,0.31492840576171877
2026-06-03,313.9092501546009,316.6668815001487,308.5838566628498,309.9926452636719,50836700,0.0,0.0,0.4813875000000001,0.3099926452636719
2026-06-04,312.96009909963743,313.26982953176514,309.38316692864953,310.9618225097656,44869100,0.0,0.0,0.5121166666666667,0.3109618225097656
2026-06-05,312.5903972939029,314.8984348439246,306.8853260765596,307.0751647949219,65310500,0.0,0.0,0.3515111111111111,0.30707516479492186
2026-06-08,308.4739595974908,317.1265012321255,300.9105055796523,301.2801818847656,77949100,0.0,0.0,0.3347708333333333,0.30128018188476563
2026-06-09,300.0212482417878,300.4908444635933,287.5320194610898,290.29962158203125,70108800,0.0,0.0,0.33767777777777774,0.29029962158203126
2026-06-10,290.4894628291428,294.4960172141002,287.1323727394638,291.3287353515625,52793300,0.0,0.0,0.39200714285714294,0.2913287353515625
2026-06-11,293.4668864344149,296.7440586571729,289.3404406054596,295.375244140625,42572500,0.0,0.0,0.32477,0.295375244140625
2026-06-12,295.7749221682621,296.88398158337014,289.3704417369658,290.879150390625,38742100,0.0,0.0,0.36921428571428566,0.290879150390625
2026-06-15,293.8665449684006,297.5233947188816,291.4486474146935,296.1645812988281,45732600,0.0,0.0,0.5269285714285715,0.2961645812988281
2026-06-16,294.99559499590845,300.2210994929347,293.71669913987887,298.9821472167969,39874400,0.0,0.0,0.3113166666666667,0.2989821472167969
2026-06-17,300.59074812548096,301.8096980081642,294.10632015937927,295.6949768066406,42745100,0.0,0.0,0.3748857142857142,0.29569497680664064
2026-06-18,297.8530937792582,300.31099586682666,295.3652492546472,297.7532043457031,85962200,0.0,0.0,0.39792222222222207,0.2977532043457031
2026-06-22,297.05381866220307,302.1594314563154,296.5043047694293,296.75408935546875,44879900,0.0,0.0,0.45858333333333334,0.29675408935546876
2026-06-23,297.2836155142734,301.3800886038737,293.9264950024863,294.04638671875,52010900,0.0,0.0,0.25305833333333333,0.29404638671875
2026-06-24,295.1054570720635,299.4417438827621,292.68755959702736,292.8274230957031,53081900,0.0,0.0,0.41637500000000005,0.29282742309570314
2026-06-25,287.1523472601469,288.55113481081804,273.5141152813601,274.91290283203125,107013700,0.0,0.0,0.3639823529411765,0.27491290283203124
2026-06-26,274.7630284991681,285.70360492137456,273.9737007161028,283.53546142578125,261775500,0.0,0.0,0.217505,0.28353546142578123
2026-06-29,286.4829438934296,288.12151489662153,279.6088673150861,281.4972229003906,66427000,0.0,0.0,0.12054999999999998,0.28149722290039064
2026-06-30,280.9277417485351,289.69017405322865,280.45814550695326,289.11065673828125,65100200,0.0,0.0,0.19150312500000005,0.28911065673828124
2026-07-01,293.1871503157195,296.33442991747245,288.95081360688545,294.1263427734375,50164200,0.0,0.0,0.332715,0.2941263427734375
2026-07-02,293.866538367699,309.15337194761725,293.4269150966668,308.3640441894531,75352800,0.0,0.0,0.23929999999999996,0.3083640441894531
2026-07-06,307.0951430290638,313.9292760509671,306.7354678654279,312.3905944824219,53590000,0.0,0.0,0.3962611111111112,0.3123905944824219
2026-07-07,315.0183186077797,315.20815732134815,309.88273318392555,310.3923034667969,42490000,0.0,0.0,0.33633749999999996,0.31039230346679686
2026-07-08,311.6412289475945,314.5487250421545,306.7854009831778,313.1199645996094,41323500,0.0,0.0,0.4780875,0.3131199645996094
2026-07-09,310.24243869469103,316.2572401947346,307.8944576262147,315.947509765625,48124500,0.0,0.0,0.6939,0.315947509765625
2026-07-10,314.4488202226986,316.6369356310425,311.9010296470402,315.0483093261719,34132300,0.0,0.0,0.35636666666666666,0.3150483093261719
2026-07-13,316.7468014245228,323.171283634363,315.5078797345754,317.03656005859375,43257800,0.0,0.0,0.5055,0.31703656005859376
2026-07-14,313.48965629761443,315.91755515351207,311.64124426456783,314.58868408203125,36336800,0.0,0.0,0.5735166666666667,0.3145886840820312
2026-07-15,317.34631234952286,328.44675508114506,317.0465830462295,327.2178039550781,60957600,0.0,0.0,0.114475,0.3272178039550781
2026-07-16,327.72736328456057,334.3915986652446,326.50841333986017,332.97283935546875,62970600,0.0,0.0,0.45924090909090914,0.33297283935546873
2026-07-17,331.693929977533,334.7013154010385,328.71648699084636,333.452392578125,63407100,0.0,0.0,0.35145,0.333452392578125
2026-07-20,333.2226134619852,333.4224228207836,323.4010672140761,326.3085632324219,53468000,0.0,0.0,0.4511785714285715,0.32630856323242186
2026-07-21,322.85156758462244,329.3159936819017,321.94234806189104,327.45758056640625,41338900,0.0,0.0,0.34861666666666663,0.3274575805664062
2026-07-22,327.58746619388995,328.7164973399543,323.0613709608057,325.60919189453125,38755900,0.0,0.0,0.43801666666666667,0.32560919189453125
2026-07-23,321.4527900194849,323.0214140443725,319.0748358849152,321.3828430175781,40840800,0.0,0.0,0.4061388888888889,0.32138284301757813
2026-07-24,321.5127284115298,334.0818750563203,321.3428614810286,332.7330322265625,47489400,0.0,0.0,0.3662357142857143,0.3327330322265625
2026-07-27,334.2517370375488,339.277401491225,333.73216560461384,336.61968994140625,49604300,0.0,0.0,0.17970833333333333,0.33661968994140623
2026-07-28,339.73698155301014,342.59453283396704,335.31080637618777,339.78692626953125,51859000,0.0,0.0,0.37194000000000005,0.3397869262695313
2026-07-29,339.43727163464206,344.2730974331505,337.0593175600121,337.8985900878906,56090800,0.0,0.0,0.4945555555555555,0.33789859008789064
2026-07-30,332.8129674612056,334.4615395264105,329.30598233808786,333.1426696777344,74817800,0.0,0.0,0.6411875,0.33314266967773437
2026-07-31,304.54735603914753,310.4222943774597,299.7415030462749,308.6438293457031,132489100,0.0,0.0,0.2873875,0.3086438293457031
2026-08-03,309.313234694189,311.5313230344714,302.29929450581176,303.1585693359375,75052000,0.0,0.0,0.33368333333333333,0.3031585693359375
2026-08-04,302.46913991298527,310.1525156602479,301.0603512911937,309.1134033203125,68001000,0.0,0.0,0.225275,0.3091134033203125
2026-08-05,309.09342362565195,311.4414048335362,305.40663118634393,310.7320251464844,49438800,0.0,0.0,0.46849999999999997,0.31073202514648435
2026-08-06,314.06913775686996,316.0174696892129,308.96355554648414,312.14080810546875,46139900,0.0,0.0,0.4798833333333334,0.31214080810546874
2026-08-07,311.1816431226555,314.53873325457766,310.47223295908327,313.05999755859375,34437200,0.0,0.0,0.45852857142857145,0.31305999755859376
2026-08-10,306.8299865722656,308.260009765625,304.6099853515625,308.260009765625,44812500,0.27,0.0,0.46965,0.308260009765625
2026-08-11,307.75,309.9700012207031,302.7900085449219,304.9100036621094,37476700,0.0,0.0,0.43549,0.30491000366210935
2026-08-12,305.1000061035156,305.6600036621094,300.57000732421875,302.25,41657800,0.0,0.0,0.23227500000000004,0.30225
2026-08-13,304.2099914550781,306.0,302.04998779296875,305.260009765625,40349300,0.0,0.0,0.39031666666666665,0.305260009765625
2026-08-14,306.0,307.489990234375,304.29998779296875,305.92999267578125,28229400,0.0,0.0,0.41912499999999997,0.30592999267578125
2026-08-17,306.2099914550781,307.6600036621094,302.94000244140625,305.5899963378906,38169300,0.0,0.0,0.42405,0.30558999633789063
2026-08-18,307.5799865722656,311.489990234375,305.739990234375,310.0299987792969,53424500,0.0,0.0,0.39402499999999996,0.3100299987792969
2026-08-19,310.1400146484375,319.2799987792969,309.6000061035156,316.8299865722656,50505600,0.0,0.0,0.6891499999999999,0.31682998657226563
2026-08-20,317.4599914550781,320.2799987792969,310.6499938964844,311.29998779296875,40895100,0.0,0.0,0.408575,0.31129998779296875
2026-08-21,312.04998779296875,312.3800048828125,307.010009765625,311.489990234375,26490540,0.0,0.0,0.482475,0.311489990234375
